Threshold,Precision,Recall,F1
0.1,0.031197031471895186,0.910022271714922,0.06032599066910766
0.2,0.043059003246133286,0.8035634743875278,0.08173806665005323
0.3,0.056205613797768006,0.7403118040089087,0.10447901933050448
0.4,0.07020252474797929,0.688641425389755,0.12741583220010713
0.5,0.08242837338262476,0.6356347438752784,0.14593240272025362
0.6,0.09383132869100373,0.5942093541202672,0.16207022233021504
0.7,0.10685655807607027,0.5581291759465479,0.179371555364684
0.8,0.13603262452665307,0.4160356347438753,0.20502689057183623
0.9,0.0,0.0,0.0
